{
    "PrevCompiledModules": {},
    "cycles_program_begin": 7751055036519,
    "stat": {
        "ru_self_cgstart": {
            "ru_utime_sec": 5.5687480000000003,
            "ru_stime_sec": 2.932528,
            "ru_nivcsw": 90,
            "ru_maxrss_kb": 188868,
            "ru_nvcsw": 1170,
            "ru_minflt": 103388,
            "ru_majflt": 59
        },
        "cpu_cycles_total": 25037350676,
        "CodeGen(%)": 43.852309521514492,
        "ru_self_end": {
            "ru_utime_sec": 10.186394,
            "ru_stime_sec": 3.0922800000000001,
            "ru_nivcsw": 121,
            "ru_maxrss_kb": 191972,
            "ru_nvcsw": 1172,
            "ru_minflt": 121610,
            "ru_majflt": 59
        },
        "mopSpeed": 127657.90188334057,
        "mop/quad": 3.1312960149585134,
        "ru_childs_cgstart": {
            "ru_utime_sec": 0.34360099999999999,
            "ru_stime_sec": 0.921095,
            "ru_nivcsw": 22,
            "ru_maxrss_kb": 124484,
            "ru_nvcsw": 126,
            "ru_minflt": 20978,
            "ru_majflt": 31
        },
        "cpu_cycles_cgstart": 7766572421148,
        "nMops": 589479,
        "ru_childs_end": {
            "ru_utime_sec": 0.34360099999999999,
            "ru_stime_sec": 0.921095,
            "ru_nivcsw": 22,
            "ru_maxrss_kb": 124484,
            "ru_nvcsw": 126,
            "ru_minflt": 20978,
            "ru_majflt": 31
        },
        "nQuads": 188254,
        "totalObjSize": 18853236,
        "quadSpeed": 40768.391513771305,
        "cpu_cycles_end": 7776092387195,
        "outputSizePerQuad": 100.14786405600944,
        "Frontend(%)": 56.147690478485515,
        "peak_mem_kb": 445532,
        "realTime": 12.61341404914856
    },
    "perf": [
        {
            "stat": [
                "main",
                "entry",
                0.044501066207885742,
                0.034173000000000002,
                0.15578900000000001,
                214248,
                214248,
                0.0,
                0.0,
                1673088603.623853,
                7751055269772
            ],
            "sub": [
                {
                    "stat": [
                        "doParsingAndDesignResolution",
                        "entry",
                        0.074752092361450195,
                        0.037224,
                        0.17002500000000001,
                        270196,
                        270996,
                        0.0,
                        0.0,
                        1673088603.654104,
                        7751115462702
                    ],
                    "sub": []
                },
                {
                    "stat": [
                        "doParsingAndDesignResolution",
                        "exit",
                        3.3334321975708008,
                        1.952868,
                        2.1519919999999999,
                        420700,
                        442796,
                        0.0,
                        0.0,
                        1673088606.9127841,
                        7757606799360
                    ],
                    "sub": []
                },
                {
                    "stat": [
                        "doPostDesignResolutionToVir2Vcs",
                        "entry",
                        3.431394100189209,
                        1.969705,
                        2.2163059999999999,
                        406720,
                        442796,
                        0.0031329999999999999,
                        0.0041780000000000003,
                        1673088607.010746,
                        7757801965422
                    ],
                    "sub": [
                        {
                            "stat": [
                                "doUptoVir2VcsNoSepCleanup",
                                "entry",
                                4.8745741844177246,
                                2.7409660000000002,
                                2.8880729999999999,
                                411332,
                                442796,
                                0.33308100000000002,
                                0.87396200000000002,
                                1673088608.4539261,
                                7760676764399
                            ],
                            "sub": []
                        },
                        {
                            "stat": [
                                "doUptoVir2VcsNoSepCleanup",
                                "exit",
                                7.4706141948699951,
                                5.3015239999999997,
                                2.9099819999999998,
                                435908,
                                442796,
                                0.33308100000000002,
                                0.88161299999999998,
                                1673088611.0499661,
                                7765848112853
                            ],
                            "sub": []
                        },
                        {
                            "stat": [
                                "doRadify_vir2vcsAll",
                                "entry",
                                7.4707400798797607,
                                5.3016079999999999,
                                2.9100269999999999,
                                435908,
                                442796,
                                0.33308100000000002,
                                0.88161299999999998,
                                1673088611.050092,
                                7765848294150
                            ],
                            "sub": []
                        },
                        {
                            "stat": [
                                "doRadify_vir2vcsAll",
                                "exit",
                                7.7390060424804688,
                                5.5504090000000001,
                                2.9294669999999998,
                                445532,
                                445532,
                                0.33308100000000002,
                                0.88161299999999998,
                                1673088611.3183579,
                                7766382837161
                            ],
                            "sub": []
                        }
                    ]
                },
                {
                    "stat": [
                        "doPostDesignResolutionToVir2Vcs",
                        "exit",
                        7.7391171455383301,
                        5.5504829999999998,
                        2.9295059999999999,
                        445532,
                        445532,
                        0.33308100000000002,
                        0.88161299999999998,
                        1673088611.318469,
                        7766382963625
                    ],
                    "sub": []
                },
                {
                    "stat": [
                        "doGAToPass2",
                        "entry",
                        7.7391781806945801,
                        5.5505230000000001,
                        2.9295270000000002,
                        445532,
                        445532,
                        0.33308100000000002,
                        0.88161299999999998,
                        1673088611.3185301,
                        7766383016022
                    ],